tudeng,Tudeng Tipikas
CgldhNnlsu,Cgldh Nnlsu
VamvoLxlya,Vamvo Lxlya
BhaxuRbwgy,Bhaxu Rbwgy
SqzvdPvlwu,Sqzvd Pvlwu
EyfqhGjxkl,Eyfqh Gjxkl
RglnzLduhe,Rglnz Lduhe
HmfjjMcaku,Hmfjj Mcaku
EckymDbgyo,Eckym Dbgyo
JpmtaWtbwq,Jpmta Wtbwq
FydxwKpurl,Fydxw Kpurl
LxmjoCeduf,Lxmjo Ceduf
TxhonOpqdd,Txhon Opqdd
KdwcbDzais,Kdwcb Dzais
NpgujEqucj,Npguj Equcj
PqhfsEpdlq,Pqhfs Epdlq
NdxqrNonem,Ndxqr Nonem
RuudlJeeua,Ruudl Jeeua
YjnogAazdf,Yjnog Aazdf
UffseEcaqa,Uffse Ecaqa
BmnaeWrxge,Bmnae Wrxge
HkkelQzzjt,Hkkel Qzzjt
SiqviScgaj,Siqvi Scgaj
GjrjfYswuf,Gjrjf Yswuf
VmbdnIgyyl,Vmbdn Igyyl
PpfxtHrjsv,Ppfxt Hrjsv
WvducYigdr,Wvduc Yigdr
QtsgtUojjd,Qtsgt Uojjd
AiylrTswae,Aiylr Tswae
RafufSkekb,Rafuf Skekb
RzqmsCewsg,Rzqms Cewsg
QqowyQbtfq,Qqowy Qbtfq
QduhmLveng,Qduhm Lveng
FomxdXfohb,Fomxd Xfohb
IakhtTtiaq,Iakht Ttiaq
ZeitwWuewv,Zeitw Wuewv
SswcyMavei,Sswcy Mavei
UiqyqGzkmd,Uiqyq Gzkmd
ZpjkpGpzqi,Zpjkp Gpzqi
NxxsdRcbaj,Nxxsd Rcbaj
ZzbmgFehvw,Zzbmg Fehvw
RgzehGfbkl,Rgzeh Gfbkl
PzncfUsdnz,Pzncf Usdnz
CqondQddld,Cqond Qddld
QnzlrEerqw,Qnzlr Eerqw
PbhieIfsii,Pbhie Ifsii
YpkudXapfh,Ypkud Xapfh
NgcooNizpq,Ngcoo Nizpq
XztgdIdwsz,Xztgd Idwsz
WocqhPxtfy,Wocqh Pxtfy
NhwoxGgaoh,Nhwox Ggaoh
